Sygnatura.czasowa,p1,p2,p3,p4,p5,p6,p7,p8,p9,p10,p11,p12,p13,p14,p15,p16,p17,p18,p19,p20,p21,p22,p23,p24,p25,p26,p27,p28,plec,staz,kierunek
"2023/10/29 8:06:22 AM CET","Raczej zgadzam się","Raczej zgadzam się","Raczej zgadzam się","Nie mam zdania","Zdecydowanie nie zgadzam się","Raczej nie zgadzam się","Raczej zgadzam się","Raczej zgadzam się","Nie mam zdania","Zdecydowanie nie zgadzam się","Nie mam zdania","Nie zgadzam się","Raczej nie zgadzam się","Raczej nie zgadzam się","Raczej zgadzam się","Zgadzam się","Raczej zgadzam się","Raczej zgadzam się","Raczej nie zgadzam się","Raczej zgadzam się","Raczej nie zgadzam się","Raczej zgadzam się","Raczej zgadzam się","Nie mam zdania","Raczej nie zgadzam się","Raczej zgadzam się","Nie mam zdania","Nie mam zdania","M","5","RM"
"2023/10/29 8:08:54 AM CET","Nie mam zdania","Zdecydowanie się zgadzam","Nie mam zdania","Zdecydowanie nie zgadzam się","Raczej zgadzam się","Raczej zgadzam się","Zdecydowanie nie zgadzam się","Nie mam zdania","Zgadzam się","Nie mam zdania","Zdecydowanie się zgadzam","Nie mam zdania","Nie mam zdania","Nie mam zdania","Nie mam zdania","Raczej nie zgadzam się","Nie mam zdania","Nie mam zdania","Nie mam zdania","Zgadzam się","Zgadzam się","Zgadzam się","Nie mam zdania","Zdecydowanie nie zgadzam się","Raczej zgadzam się","Raczej zgadzam się","Raczej zgadzam się","Raczej zgadzam się","K","3","RM"
"2023/10/29 8:08:55 AM CET","Zgadzam się","Nie zgadzam się","Nie zgadzam się","Nie mam zdania","Nie zgadzam się","Nie zgadzam się","Nie mam zdania","Zgadzam się","Nie zgadzam się","Zdecydowanie nie zgadzam się","Nie zgadzam się","Zdecydowanie nie zgadzam się","Nie mam zdania","Zgadzam się","Zgadzam się","Zdecydowanie nie zgadzam się","Nie mam zdania","Nie mam zdania","Zdecydowanie nie zgadzam się","Nie mam zdania","Nie zgadzam się","Raczej nie zgadzam się","Zgadzam się","Nie mam zdania","Zdecydowanie nie zgadzam się","Nie mam zdania","Raczej nie zgadzam się","Nie zgadzam się","M","12","RM"
"2023/10/29 8:09:08 AM CET","Raczej nie zgadzam się","Raczej zgadzam się","Raczej nie zgadzam się","Nie mam zdania","Nie zgadzam się","Raczej nie zgadzam się","Nie mam zdania","Raczej nie zgadzam się","Raczej nie zgadzam się","Nie mam zdania","Raczej zgadzam się","Raczej nie zgadzam się","Raczej zgadzam się","Raczej nie zgadzam się","Nie mam zdania","Nie zgadzam się","Raczej nie zgadzam się","Raczej zgadzam się","Raczej zgadzam się","Raczej nie zgadzam się","Nie zgadzam się","Raczej zgadzam się","Raczej zgadzam się","Raczej nie zgadzam się","Raczej zgadzam się","Raczej zgadzam się","Raczej zgadzam się","Raczej zgadzam się","K","1","RM"
"2023/10/29 8:09:23 AM CET","Nie mam zdania","Nie mam zdania","Nie mam zdania","Nie mam zdania","Nie mam zdania","Nie mam zdania","Nie mam zdania","Nie mam zdania","Nie mam zdania","Nie mam zdania","Nie mam zdania","Nie mam zdania","Nie mam zdania","Nie mam zdania","Nie mam zdania","Nie mam zdania","Nie mam zdania","Nie mam zdania","Nie mam zdania","Nie mam zdania","Nie mam zdania","Nie mam zdania","Nie mam zdania","Nie mam zdania","Nie mam zdania","Nie mam zdania","Nie mam zdania","Nie mam zdania","K","1","RM"
"2023/10/29 8:09:35 AM CET","Nie mam zdania","Nie zgadzam się","Raczej nie zgadzam się","Raczej zgadzam się","Nie zgadzam się","Nie zgadzam się","Nie mam zdania","Raczej zgadzam się","Nie zgadzam się","Raczej nie zgadzam się","Nie mam zdania","Raczej nie zgadzam się","Raczej nie zgadzam się","Nie zgadzam się","Raczej zgadzam się","Raczej zgadzam się","Nie mam zdania","Nie mam zdania","Nie zgadzam się","Raczej zgadzam się","Raczej nie zgadzam się","Raczej zgadzam się","Raczej zgadzam się","Raczej zgadzam się","Raczej nie zgadzam się","Nie mam zdania","Raczej nie zgadzam się","Nie mam zdania","M","2","RM"
"2023/10/29 8:09:47 AM CET","Raczej zgadzam się","Zdecydowanie się zgadzam","Raczej zgadzam się","Nie zgadzam się","Raczej nie zgadzam się","Raczej zgadzam się","Raczej nie zgadzam się","Raczej nie zgadzam się","Raczej zgadzam się","Nie mam zdania","Zgadzam się","Nie zgadzam się","Zgadzam się","Raczej nie zgadzam się","Zgadzam się","Nie zgadzam się","Nie mam zdania","Raczej zgadzam się","Nie zgadzam się","Raczej zgadzam się","Raczej nie zgadzam się","Zgadzam się","Zgadzam się","Raczej zgadzam się","Nie zgadzam się","Nie zgadzam się","Raczej zgadzam się","Raczej zgadzam się","M","15","RM"
"2023/10/29 8:09:58 AM CET","Nie mam zdania","Zdecydowanie się zgadzam","Zdecydowanie się zgadzam","Zdecydowanie nie zgadzam się","Raczej nie zgadzam się","Zdecydowanie się zgadzam","Zdecydowanie nie zgadzam się","Nie mam zdania","Zdecydowanie się zgadzam","Zgadzam się","Zdecydowanie się zgadzam","Nie zgadzam się","Nie mam zdania","Zdecydowanie się zgadzam","Nie mam zdania","Nie mam zdania","Nie zgadzam się","Zgadzam się","Nie mam zdania","Zdecydowanie się zgadzam","Zdecydowanie się zgadzam","Zdecydowanie się zgadzam","Nie mam zdania","Nie mam zdania","Nie mam zdania","Raczej zgadzam się","Zdecydowanie się zgadzam","Zgadzam się","K","3","RM"
"2023/10/29 8:10:03 AM CET","Zdecydowanie nie zgadzam się","Raczej nie zgadzam się","Nie mam zdania","Nie mam zdania","Raczej zgadzam się","Nie mam zdania","Zdecydowanie nie zgadzam się","Nie mam zdania","Zdecydowanie się zgadzam","Nie mam zdania","Zdecydowanie się zgadzam","Zgadzam się","Raczej zgadzam się","Nie mam zdania","Nie mam zdania","Nie mam zdania","Nie mam zdania","Raczej zgadzam się","Nie mam zdania","Nie zgadzam się","Nie zgadzam się","Nie mam zdania","Zdecydowanie się zgadzam","Nie mam zdania","Zdecydowanie się zgadzam","Raczej nie zgadzam się","Raczej nie zgadzam się","Nie mam zdania","M","1","RM"
"2023/10/29 8:10:04 AM CET","Raczej zgadzam się","Raczej nie zgadzam się","Nie zgadzam się","Nie zgadzam się","Zdecydowanie nie zgadzam się","Raczej zgadzam się","Raczej nie zgadzam się","Zgadzam się","Zgadzam się","Nie zgadzam się","Zdecydowanie nie zgadzam się","Zdecydowanie nie zgadzam się","Nie zgadzam się","Nie zgadzam się","Zgadzam się","Raczej nie zgadzam się","Raczej nie zgadzam się","Zgadzam się","Nie zgadzam się","Raczej nie zgadzam się","Nie zgadzam się","Zgadzam się","Zdecydowanie się zgadzam","Zgadzam się","Nie zgadzam się","Raczej zgadzam się","Raczej nie zgadzam się","Zgadzam się","M","2","RM"
"2023/10/29 8:10:07 AM CET","Raczej nie zgadzam się","Raczej nie zgadzam się","Raczej nie zgadzam się","Raczej nie zgadzam się","Raczej nie zgadzam się","Raczej nie zgadzam się","Nie mam zdania","Raczej nie zgadzam się","Zdecydowanie nie zgadzam się","Nie zgadzam się","Nie mam zdania","Raczej nie zgadzam się","Raczej nie zgadzam się","Nie zgadzam się","Nie mam zdania","Raczej nie zgadzam się","Nie zgadzam się","Nie mam zdania","Raczej zgadzam się","Nie zgadzam się","Raczej nie zgadzam się","Nie zgadzam się","Raczej zgadzam się","Raczej zgadzam się","Raczej zgadzam się","Nie mam zdania","Raczej nie zgadzam się","Nie mam zdania","M","20","RM"
"2023/10/29 8:10:10 AM CET","Nie mam zdania","Zgadzam się","Raczej zgadzam się","Nie zgadzam się","Raczej nie zgadzam się","Zgadzam się","Nie zgadzam się","Nie mam zdania","Zdecydowanie się zgadzam","Raczej nie zgadzam się","Zdecydowanie się zgadzam","Raczej nie zgadzam się","Nie mam zdania","Nie mam zdania","Nie mam zdania","Nie zgadzam się","Nie mam zdania","Zgadzam się","Nie mam zdania","Zgadzam się","Zgadzam się","Zgadzam się","Zgadzam się","Raczej nie zgadzam się","Nie mam zdania","Nie mam zdania","Zgadzam się","Nie mam zdania","K","3","RM"
"2023/10/29 8:10:31 AM CET","Nie mam zdania","Raczej nie zgadzam się","Nie zgadzam się","Zgadzam się","Nie zgadzam się","Nie zgadzam się","Raczej nie zgadzam się","Raczej zgadzam się","Nie zgadzam się","Raczej nie zgadzam się","Nie mam zdania","Nie zgadzam się","Zgadzam się","Nie mam zdania","Zgadzam się","Raczej zgadzam się","Raczej zgadzam się","Nie mam zdania","Nie zgadzam się","Raczej nie zgadzam się","Nie zgadzam się","Nie zgadzam się","Zgadzam się","Raczej zgadzam się","Nie zgadzam się","Nie mam zdania","Raczej zgadzam się","Raczej nie zgadzam się","M","8","RM"
"2023/10/29 8:10:36 AM CET","Nie mam zdania","Nie zgadzam się","Nie zgadzam się","Nie mam zdania","Nie zgadzam się","Raczej nie zgadzam się","Nie zgadzam się","Raczej nie zgadzam się","Nie zgadzam się","Nie zgadzam się","Zgadzam się","Nie zgadzam się","Zgadzam się","Nie zgadzam się","Nie mam zdania","Nie zgadzam się","Nie mam zdania","Nie mam zdania","Nie zgadzam się","Raczej nie zgadzam się","Nie zgadzam się","Nie zgadzam się","Zgadzam się","Raczej zgadzam się","Nie zgadzam się","Raczej nie zgadzam się","Nie zgadzam się","Nie zgadzam się","M","1","RM"
"2023/10/29 8:10:42 AM CET","Zgadzam się","Nie zgadzam się","Raczej nie zgadzam się","Raczej zgadzam się","Nie zgadzam się","Nie zgadzam się","Raczej zgadzam się","Zgadzam się","Raczej nie zgadzam się","Raczej nie zgadzam się","Nie zgadzam się","Nie zgadzam się","Raczej zgadzam się","Zdecydowanie nie zgadzam się","Zdecydowanie się zgadzam","Raczej nie zgadzam się","Raczej zgadzam się","Raczej zgadzam się","Raczej nie zgadzam się","Raczej nie zgadzam się","Zdecydowanie nie zgadzam się","Raczej nie zgadzam się","Zgadzam się","Zgadzam się","Raczej nie zgadzam się","Zgadzam się","Raczej nie zgadzam się","Raczej nie zgadzam się","M","15","RM"
"2023/10/29 8:11:15 AM CET","Nie mam zdania","Raczej nie zgadzam się","Nie mam zdania","Nie mam zdania","Nie zgadzam się","Nie mam zdania","Nie mam zdania","Nie mam zdania","Raczej zgadzam się","Nie zgadzam się","Raczej nie zgadzam się","Raczej nie zgadzam się","Nie mam zdania","Nie zgadzam się","Raczej zgadzam się","Nie zgadzam się","Nie mam zdania","Nie mam zdania","Nie zgadzam się","Nie mam zdania","Nie zgadzam się","Nie mam zdania","Raczej zgadzam się","Raczej zgadzam się","Raczej nie zgadzam się","Raczej zgadzam się","Raczej nie zgadzam się","Nie mam zdania","M","2","RM"
"2023/10/29 8:11:15 AM CET","Nie mam zdania","Nie mam zdania","Zdecydowanie nie zgadzam się","Zdecydowanie się zgadzam","Nie mam zdania","Nie mam zdania","Nie mam zdania","Nie mam zdania","Raczej zgadzam się","Nie mam zdania","Nie mam zdania","Nie mam zdania","Zdecydowanie nie zgadzam się","Nie mam zdania","Nie mam zdania","Nie zgadzam się","Nie mam zdania","Nie mam zdania","Raczej nie zgadzam się","Zdecydowanie nie zgadzam się","Zdecydowanie nie zgadzam się","Nie mam zdania","Zdecydowanie się zgadzam","Zdecydowanie się zgadzam","Raczej nie zgadzam się","Nie mam zdania","Zdecydowanie nie zgadzam się","Zdecydowanie nie zgadzam się","M","6","RM"
"2023/10/29 8:11:21 AM CET","Nie mam zdania","Raczej nie zgadzam się","Nie zgadzam się","Nie mam zdania","Raczej nie zgadzam się","Raczej nie zgadzam się","Raczej zgadzam się","Nie zgadzam się","Raczej zgadzam się","Nie zgadzam się","Zgadzam się","Raczej nie zgadzam się","Raczej nie zgadzam się","Raczej zgadzam się","Nie zgadzam się","Nie mam zdania","Nie mam zdania","Nie mam zdania","Nie mam zdania","Raczej nie zgadzam się","Raczej zgadzam się","Raczej zgadzam się","Nie mam zdania","Raczej zgadzam się","Raczej zgadzam się","Nie mam zdania","Raczej zgadzam się","Nie mam zdania","M","4","RM"
"2023/10/29 8:11:43 AM CET","Nie mam zdania","Raczej zgadzam się","Raczej nie zgadzam się","Raczej nie zgadzam się","Nie mam zdania","Raczej zgadzam się","Raczej nie zgadzam się","Nie mam zdania","Raczej zgadzam się","Nie mam zdania","Raczej zgadzam się","Nie mam zdania","Raczej nie zgadzam się","Raczej nie zgadzam się","Zgadzam się","Raczej zgadzam się","Nie mam zdania","Raczej zgadzam się","Raczej nie zgadzam się","Raczej nie zgadzam się","Raczej zgadzam się","Raczej zgadzam się","Zgadzam się","Raczej zgadzam się","Raczej zgadzam się","Zgadzam się","Raczej zgadzam się","Nie mam zdania","K","2","RM"
"2023/10/29 8:11:50 AM CET","Raczej zgadzam się","Raczej nie zgadzam się","Nie zgadzam się","Nie mam zdania","Nie zgadzam się","Raczej nie zgadzam się","Nie mam zdania","Nie mam zdania","Nie zgadzam się","Nie zgadzam się","Raczej nie zgadzam się","Raczej nie zgadzam się","Nie mam zdania","Raczej nie zgadzam się","Raczej zgadzam się","Nie mam zdania","Nie mam zdania","Nie mam zdania","Raczej nie zgadzam się","Raczej nie zgadzam się","Nie zgadzam się","Raczej nie zgadzam się","Zgadzam się","Raczej zgadzam się","Nie mam zdania","Raczej nie zgadzam się","Raczej nie zgadzam się","Nie mam zdania","M","2","RM"
"2023/10/29 8:11:56 AM CET","Nie mam zdania","Nie mam zdania","Nie mam zdania","Nie mam zdania","Raczej nie zgadzam się","Nie mam zdania","Nie mam zdania","Raczej nie zgadzam się","Zdecydowanie nie zgadzam się","Nie mam zdania","Nie mam zdania","Raczej zgadzam się","Nie mam zdania","Raczej nie zgadzam się","Zgadzam się","Zdecydowanie nie zgadzam się","Nie mam zdania","Nie mam zdania","Raczej zgadzam się","Nie mam zdania","Nie mam zdania","Nie mam zdania","Zdecydowanie nie zgadzam się","Nie mam zdania","Nie mam zdania","Nie mam zdania","Nie mam zdania","Nie mam zdania","M","1","RM"
"2023/10/29 8:11:57 AM CET","Nie mam zdania","Nie zgadzam się","Nie zgadzam się","Nie mam zdania","Raczej nie zgadzam się","Nie mam zdania","Nie mam zdania","Nie mam zdania","Raczej nie zgadzam się","Nie zgadzam się","Nie zgadzam się","Raczej nie zgadzam się","Raczej nie zgadzam się","Nie zgadzam się","Raczej zgadzam się","Raczej nie zgadzam się","Nie mam zdania","Nie mam zdania","Raczej nie zgadzam się","Nie mam zdania","Raczej nie zgadzam się","Raczej nie zgadzam się","Raczej zgadzam się","Nie mam zdania","Raczej nie zgadzam się","Nie mam zdania","Raczej nie zgadzam się","Nie mam zdania","M","13","RM"
"2023/10/29 8:12:02 AM CET","Raczej zgadzam się","Nie mam zdania","Raczej nie zgadzam się","Nie mam zdania","Nie mam zdania","Raczej zgadzam się","Nie mam zdania","Raczej nie zgadzam się","Raczej zgadzam się","Nie mam zdania","Raczej zgadzam się","Nie mam zdania","Raczej nie zgadzam się","Nie mam zdania","Zgadzam się","Raczej zgadzam się","Nie mam zdania","Nie mam zdania","Nie mam zdania","Nie mam zdania","Raczej zgadzam się","Raczej zgadzam się","Zgadzam się","Raczej zgadzam się","Nie mam zdania","Nie mam zdania","Zgadzam się","Nie mam zdania","K","5","RM"
"2023/10/29 8:12:18 AM CET","Raczej zgadzam się","Raczej nie zgadzam się","Nie zgadzam się","Raczej zgadzam się","Zdecydowanie nie zgadzam się","Raczej zgadzam się","Zgadzam się","Nie mam zdania","Nie zgadzam się","Raczej nie zgadzam się","Nie zgadzam się","Nie zgadzam się","Zgadzam się","Raczej nie zgadzam się","Raczej zgadzam się","Zdecydowanie nie zgadzam się","Nie mam zdania","Nie zgadzam się","Zdecydowanie nie zgadzam się","Nie mam zdania","Zdecydowanie nie zgadzam się","Nie zgadzam się","Zdecydowanie się zgadzam","Nie mam zdania","Zdecydowanie nie zgadzam się","Zdecydowanie nie zgadzam się","Zdecydowanie nie zgadzam się","Zdecydowanie nie zgadzam się","M","9","RM"
"2023/10/29 8:12:31 AM CET","Raczej zgadzam się","Nie mam zdania","Raczej zgadzam się","Raczej nie zgadzam się","Nie zgadzam się","Zgadzam się","Nie zgadzam się","Nie mam zdania","Raczej zgadzam się","Raczej zgadzam się","Raczej nie zgadzam się","Raczej nie zgadzam się","Raczej nie zgadzam się","Nie zgadzam się","Zgadzam się","Raczej nie zgadzam się","Nie mam zdania","Nie mam zdania","Raczej zgadzam się","Raczej zgadzam się","Nie mam zdania","Zgadzam się","Raczej zgadzam się","Raczej nie zgadzam się","Nie mam zdania","Nie mam zdania","Raczej zgadzam się","Raczej zgadzam się","M","3","RM"
"2023/10/29 8:12:44 AM CET","Raczej zgadzam się","Raczej nie zgadzam się","Nie zgadzam się","Raczej zgadzam się","Nie zgadzam się","Raczej nie zgadzam się","Raczej nie zgadzam się","Raczej nie zgadzam się","Nie zgadzam się","Zgadzam się","Nie mam zdania","Nie mam zdania","Raczej zgadzam się","Raczej nie zgadzam się","Raczej zgadzam się","Raczej zgadzam się","Nie mam zdania","Raczej nie zgadzam się","Raczej nie zgadzam się","Raczej nie zgadzam się","Nie zgadzam się","Raczej zgadzam się","Zdecydowanie się zgadzam","Raczej zgadzam się","Nie zgadzam się","Raczej nie zgadzam się","Raczej nie zgadzam się","Nie mam zdania","M","2 ","RM"
"2023/10/29 8:13:00 AM CET","Nie mam zdania","Raczej zgadzam się","Raczej zgadzam się","Raczej nie zgadzam się","Nie zgadzam się","Zgadzam się","Nie mam zdania","Raczej zgadzam się","Nie mam zdania","Raczej nie zgadzam się","Raczej zgadzam się","Nie mam zdania","Raczej nie zgadzam się","Raczej zgadzam się","Raczej zgadzam się","Nie zgadzam się","Raczej nie zgadzam się","Raczej zgadzam się","Raczej nie zgadzam się","Nie mam zdania","Raczej nie zgadzam się","Raczej zgadzam się","Raczej zgadzam się","Raczej zgadzam się","Nie mam zdania","Raczej zgadzam się","Raczej zgadzam się","Raczej zgadzam się","M","24","RM"
"2023/10/29 8:13:15 AM CET","Raczej nie zgadzam się","Raczej zgadzam się","Nie mam zdania","Raczej nie zgadzam się","Nie zgadzam się","Nie mam zdania","Raczej nie zgadzam się","Zgadzam się","Nie zgadzam się","Nie zgadzam się","Nie mam zdania","Raczej nie zgadzam się","Zgadzam się","Raczej nie zgadzam się","Raczej zgadzam się","Nie zgadzam się","Nie mam zdania","Nie mam zdania","Nie zgadzam się","Nie mam zdania","Raczej nie zgadzam się","Nie mam zdania","Raczej zgadzam się","Nie mam zdania","Raczej nie zgadzam się","Raczej zgadzam się","Nie mam zdania","Raczej zgadzam się","M","18","RM"
"2023/10/29 8:13:32 AM CET","Raczej zgadzam się","Raczej nie zgadzam się","Nie zgadzam się","Nie mam zdania","Nie zgadzam się","Nie zgadzam się","Nie mam zdania","Nie mam zdania","Nie zgadzam się","Nie zgadzam się","Raczej nie zgadzam się","Nie mam zdania","Zgadzam się","Nie zgadzam się","Raczej zgadzam się","Nie zgadzam się","Nie mam zdania","Nie mam zdania","Nie zgadzam się","Nie mam zdania","Nie zgadzam się","Nie mam zdania","Raczej zgadzam się","Raczej zgadzam się","Raczej nie zgadzam się","Raczej nie zgadzam się","Raczej nie zgadzam się","Nie mam zdania","M","22","RM"
"2023/10/29 8:13:45 AM CET","Nie mam zdania","Raczej nie zgadzam się","Nie mam zdania","Raczej zgadzam się","Raczej nie zgadzam się","Nie mam zdania","Nie mam zdania","Raczej zgadzam się","Zgadzam się","Nie zgadzam się","Raczej nie zgadzam się","Raczej nie zgadzam się","Raczej zgadzam się","Raczej zgadzam się","Raczej zgadzam się","Nie mam zdania","Raczej zgadzam się","Raczej nie zgadzam się","Raczej nie zgadzam się","Nie mam zdania","Raczej nie zgadzam się","Raczej nie zgadzam się","Raczej zgadzam się","Raczej zgadzam się","Raczej nie zgadzam się","Nie mam zdania","Nie mam zdania","Nie mam zdania","K","1","RM"
"2023/10/29 8:21:08 AM CET","Nie mam zdania","Nie mam zdania","Nie zgadzam się","Nie zgadzam się","Zdecydowanie nie zgadzam się","Nie zgadzam się","Zdecydowanie nie zgadzam się","Zgadzam się","Zgadzam się","Nie zgadzam się","Zdecydowanie się zgadzam","Nie mam zdania","Nie mam zdania","Zgadzam się","Raczej nie zgadzam się","Nie zgadzam się","Raczej zgadzam się","Zgadzam się","Raczej nie zgadzam się","Nie zgadzam się","Nie mam zdania","Raczej zgadzam się","Zgadzam się","Nie mam zdania","Zdecydowanie nie zgadzam się","Raczej zgadzam się","Zgadzam się","Nie mam zdania","M","3","RM"
"2023/10/29 8:21:27 AM CET","Nie zgadzam się","Zgadzam się","Nie mam zdania","Nie mam zdania","Nie mam zdania","Zgadzam się","Raczej zgadzam się","Zgadzam się","Raczej nie zgadzam się","Nie zgadzam się","Raczej zgadzam się","Zgadzam się","Nie zgadzam się","Nie mam zdania","Nie mam zdania","Nie mam zdania","Nie mam zdania","Nie mam zdania","Nie mam zdania","Nie mam zdania","Nie mam zdania","Nie mam zdania","Nie mam zdania","Nie mam zdania","Nie mam zdania","Nie mam zdania","Nie mam zdania","Nie mam zdania","M","5","RM"
"2023/10/29 8:21:41 AM CET","Nie zgadzam się","Nie mam zdania","Zgadzam się","Zdecydowanie nie zgadzam się","Nie mam zdania","Zgadzam się","Nie zgadzam się","Nie zgadzam się","Nie mam zdania","Nie mam zdania","Nie mam zdania","Nie mam zdania","Nie mam zdania","Raczej nie zgadzam się","Nie zgadzam się","Nie mam zdania","Nie mam zdania","Nie mam zdania","Nie mam zdania","Nie mam zdania","Nie mam zdania","Nie mam zdania","Nie mam zdania","Nie mam zdania","Nie mam zdania","Nie mam zdania","Nie mam zdania","Nie mam zdania","M","15","RM"
"2023/10/29 8:21:49 AM CET","Nie mam zdania","Zgadzam się","Zdecydowanie się zgadzam","Zdecydowanie się zgadzam","Zgadzam się","Zgadzam się","Zdecydowanie nie zgadzam się","Zdecydowanie nie zgadzam się","Raczej zgadzam się","Zdecydowanie się zgadzam","Zdecydowanie się zgadzam","Nie zgadzam się","Zdecydowanie nie zgadzam się","Zdecydowanie się zgadzam","Raczej nie zgadzam się","Zgadzam się","Nie mam zdania","Nie mam zdania","Nie mam zdania","Nie mam zdania","Nie mam zdania","Nie mam zdania","Nie mam zdania","Zdecydowanie nie zgadzam się","Zgadzam się","Nie mam zdania","Zgadzam się","Nie mam zdania","M","7","RM"
"2023/10/29 8:22:04 AM CET","Nie mam zdania","Raczej nie zgadzam się","Nie zgadzam się","Raczej nie zgadzam się","Nie mam zdania","Raczej zgadzam się","Nie mam zdania","Nie mam zdania","Raczej nie zgadzam się","Raczej nie zgadzam się","Nie zgadzam się","Nie zgadzam się","Nie zgadzam się","Nie zgadzam się","Nie zgadzam się","Nie zgadzam się","Nie mam zdania","Nie mam zdania","Nie mam zdania","Nie mam zdania","Nie mam zdania","Nie zgadzam się","Raczej zgadzam się","Raczej nie zgadzam się","Raczej nie zgadzam się","Raczej zgadzam się","Nie mam zdania","Raczej nie zgadzam się","M","3","RM"
"2023/10/29 8:22:25 AM CET","Nie mam zdania","Raczej nie zgadzam się","Raczej nie zgadzam się","Nie mam zdania","Nie mam zdania","Nie mam zdania","Nie mam zdania","Raczej nie zgadzam się","Nie mam zdania","Nie mam zdania","Raczej nie zgadzam się","Raczej nie zgadzam się","Raczej nie zgadzam się","Nie zgadzam się","Zgadzam się","Zgadzam się","Raczej nie zgadzam się","Raczej nie zgadzam się","Raczej zgadzam się","Nie mam zdania","Zdecydowanie nie zgadzam się","Raczej nie zgadzam się","Raczej zgadzam się","Zgadzam się","Raczej zgadzam się","Raczej zgadzam się","Raczej nie zgadzam się","Raczej zgadzam się","M","1","RM"
"2023/10/29 8:22:33 AM CET","Raczej nie zgadzam się","Zgadzam się","Zgadzam się","Nie zgadzam się","Nie mam zdania","Raczej zgadzam się","Nie zgadzam się","Zdecydowanie nie zgadzam się","Raczej nie zgadzam się","Raczej nie zgadzam się","Raczej zgadzam się","Raczej nie zgadzam się","Nie mam zdania","Raczej zgadzam się","Raczej nie zgadzam się","Raczej zgadzam się","Raczej nie zgadzam się","Raczej zgadzam się","Raczej zgadzam się","Zgadzam się","Raczej nie zgadzam się","Zgadzam się","Raczej nie zgadzam się","Raczej nie zgadzam się","Zgadzam się","Nie mam zdania","Zgadzam się","Nie mam zdania","M","2","RM"
"2023/10/29 8:24:27 AM CET","Nie mam zdania","Raczej zgadzam się","Nie mam zdania","Nie mam zdania","Raczej nie zgadzam się","Raczej zgadzam się","Nie mam zdania","Nie mam zdania","Raczej nie zgadzam się","Nie zgadzam się","Raczej zgadzam się","Nie mam zdania","Raczej nie zgadzam się","Raczej nie zgadzam się","Nie mam zdania","Nie mam zdania","Raczej zgadzam się","Raczej zgadzam się","Raczej zgadzam się","Nie mam zdania","Nie mam zdania","Raczej zgadzam się","Nie mam zdania","Nie mam zdania","Nie mam zdania","Raczej zgadzam się","Nie mam zdania","Raczej zgadzam się","K","5","RM"
"2023/10/29 8:36:06 AM CET","Zgadzam się","Raczej nie zgadzam się","Raczej nie zgadzam się","Nie mam zdania","Nie zgadzam się","Raczej nie zgadzam się","Raczej zgadzam się","Nie mam zdania","Raczej nie zgadzam się","Nie zgadzam się","Nie zgadzam się","Nie zgadzam się","Raczej zgadzam się","Zdecydowanie nie zgadzam się","Zgadzam się","Nie mam zdania","Raczej zgadzam się","Zgadzam się","Raczej nie zgadzam się","Nie mam zdania","Nie mam zdania","Raczej nie zgadzam się","Raczej zgadzam się","Zgadzam się","Nie mam zdania","Raczej zgadzam się","Raczej nie zgadzam się","Nie mam zdania","M","1","RM"
"2023/10/29 8:36:19 AM CET","Zgadzam się","Raczej nie zgadzam się","Raczej nie zgadzam się","Nie mam zdania","Raczej nie zgadzam się","Raczej nie zgadzam się","Raczej zgadzam się","Nie mam zdania","Raczej nie zgadzam się","Nie zgadzam się","Nie zgadzam się","Nie zgadzam się","Raczej zgadzam się","Zdecydowanie nie zgadzam się","Zgadzam się","Nie mam zdania","Raczej zgadzam się","Zgadzam się","Raczej nie zgadzam się","Nie mam zdania","Raczej nie zgadzam się","Raczej nie zgadzam się","Raczej zgadzam się","Zgadzam się","Nie mam zdania","Raczej zgadzam się","Raczej nie zgadzam się","Nie mam zdania","M","1","RM"
"2023/10/29 1:23:14 PM CET","Nie mam zdania","Nie mam zdania","Nie mam zdania","Nie mam zdania","Nie mam zdania","Nie mam zdania","Nie mam zdania","Nie mam zdania","Nie mam zdania","Nie mam zdania","Nie mam zdania","Nie mam zdania","Nie mam zdania","Nie mam zdania","Nie mam zdania","Nie mam zdania","Nie mam zdania","Nie mam zdania","Nie mam zdania","Nie mam zdania","Nie mam zdania","Nie mam zdania","Nie mam zdania","Nie mam zdania","Nie mam zdania","Nie mam zdania","Nie mam zdania","Nie mam zdania","M","5","RM"
"2023/10/29 1:23:20 PM CET","Nie zgadzam się","Zdecydowanie się zgadzam","Zgadzam się","Nie zgadzam się","Nie mam zdania","Zdecydowanie się zgadzam","Nie mam zdania","Nie mam zdania","Zgadzam się","Nie mam zdania","Zdecydowanie się zgadzam","Raczej nie zgadzam się","Raczej zgadzam się","Zdecydowanie się zgadzam","Zgadzam się","Raczej nie zgadzam się","Zdecydowanie nie zgadzam się","Zdecydowanie się zgadzam","Nie mam zdania","Zdecydowanie się zgadzam","Zdecydowanie się zgadzam","Zdecydowanie się zgadzam","Nie zgadzam się","Zdecydowanie nie zgadzam się","Raczej nie zgadzam się","Zdecydowanie się zgadzam","Zdecydowanie się zgadzam","Zdecydowanie się zgadzam","M","6","RM"
"2023/10/29 1:24:06 PM CET","Zgadzam się","Nie zgadzam się","Nie zgadzam się","Raczej zgadzam się","Zdecydowanie nie zgadzam się","Zgadzam się","Raczej zgadzam się","Nie mam zdania","Zdecydowanie nie zgadzam się","Nie zgadzam się","Nie zgadzam się","Nie zgadzam się","Raczej zgadzam się","Nie zgadzam się","Zgadzam się","Raczej nie zgadzam się","Nie mam zdania","Raczej zgadzam się","Nie mam zdania","Nie zgadzam się","Zdecydowanie nie zgadzam się","Nie zgadzam się","Nie mam zdania","Raczej zgadzam się","Nie zgadzam się","Raczej zgadzam się","Raczej nie zgadzam się","Nie mam zdania","M","10","RM"
"2023/10/29 1:24:15 PM CET","Raczej nie zgadzam się","Nie mam zdania","Raczej nie zgadzam się","Raczej zgadzam się","Nie zgadzam się","Raczej zgadzam się","Nie zgadzam się","Nie zgadzam się","Raczej nie zgadzam się","Raczej nie zgadzam się","Zgadzam się","Nie zgadzam się","Zgadzam się","Zgadzam się","Nie zgadzam się","Nie mam zdania","Nie mam zdania","Raczej zgadzam się","Raczej zgadzam się","Nie zgadzam się","Nie zgadzam się","Nie zgadzam się","Zgadzam się","Zgadzam się","Zgadzam się","Raczej zgadzam się","Nie zgadzam się","Raczej zgadzam się","M","4","RM"
"2023/10/29 1:24:20 PM CET","Raczej zgadzam się","Raczej nie zgadzam się","Nie mam zdania","Raczej nie zgadzam się","Nie zgadzam się","Nie mam zdania","Nie mam zdania","Raczej zgadzam się","Raczej zgadzam się","Nie mam zdania","Raczej nie zgadzam się","Nie zgadzam się","Zgadzam się","Nie zgadzam się","Raczej zgadzam się","Nie zgadzam się","Nie mam zdania","Nie mam zdania","Raczej nie zgadzam się","Raczej zgadzam się","Nie zgadzam się","Raczej zgadzam się","Zgadzam się","Raczej zgadzam się","Nie zgadzam się","Zgadzam się","Raczej nie zgadzam się","Nie mam zdania","M","3","RM"
"2023/10/29 1:24:28 PM CET","Nie mam zdania","Raczej nie zgadzam się","Nie zgadzam się","Zgadzam się","Nie zgadzam się","Nie zgadzam się","Raczej zgadzam się","Raczej zgadzam się","Nie zgadzam się","Nie zgadzam się","Nie mam zdania","Nie zgadzam się","Nie mam zdania","Raczej nie zgadzam się","Zgadzam się","Nie zgadzam się","Nie mam zdania","Nie mam zdania","Nie zgadzam się","Raczej nie zgadzam się","Raczej nie zgadzam się","Raczej nie zgadzam się","Raczej zgadzam się","Nie mam zdania","Nie zgadzam się","Nie mam zdania","Raczej nie zgadzam się","Raczej nie zgadzam się","M","2","RM"
"2023/10/29 1:24:38 PM CET","Zgadzam się","Raczej zgadzam się","Raczej nie zgadzam się","Raczej zgadzam się","Nie zgadzam się","Raczej nie zgadzam się","Raczej nie zgadzam się","Nie zgadzam się","Raczej zgadzam się","Raczej nie zgadzam się","Zdecydowanie się zgadzam","Raczej nie zgadzam się","Nie mam zdania","Raczej nie zgadzam się","Raczej zgadzam się","Raczej zgadzam się","Raczej nie zgadzam się","Raczej zgadzam się","Raczej zgadzam się","Raczej zgadzam się","Nie mam zdania","Raczej zgadzam się","Raczej zgadzam się","Raczej zgadzam się","Nie mam zdania","Raczej zgadzam się","Raczej zgadzam się","Raczej zgadzam się","M","2","RM"
"2023/10/29 1:24:47 PM CET","Zdecydowanie się zgadzam","Raczej nie zgadzam się","Raczej nie zgadzam się","Raczej nie zgadzam się","Zdecydowanie nie zgadzam się","Raczej nie zgadzam się","Nie mam zdania","Raczej zgadzam się","Raczej nie zgadzam się","Nie zgadzam się","Zdecydowanie się zgadzam","Nie zgadzam się","Nie zgadzam się","Nie mam zdania","Raczej zgadzam się","Raczej nie zgadzam się","Nie mam zdania","Nie mam zdania","Raczej nie zgadzam się","Nie mam zdania","Nie mam zdania","Nie mam zdania","Raczej zgadzam się","Raczej zgadzam się","Raczej nie zgadzam się","Nie mam zdania","Nie mam zdania","Nie mam zdania","M","8","RM"
"2023/10/29 1:25:30 PM CET","Raczej zgadzam się","Nie mam zdania","Nie mam zdania","Raczej nie zgadzam się","Nie mam zdania","Zgadzam się","Zdecydowanie nie zgadzam się","Raczej nie zgadzam się","Zdecydowanie się zgadzam","Zdecydowanie nie zgadzam się","Zdecydowanie się zgadzam","Zdecydowanie się zgadzam","Raczej nie zgadzam się","Zgadzam się","Raczej nie zgadzam się","Zdecydowanie się zgadzam","Raczej nie zgadzam się","Raczej zgadzam się","Raczej zgadzam się","Zdecydowanie się zgadzam","Zdecydowanie się zgadzam","Zdecydowanie się zgadzam","Raczej zgadzam się","Zdecydowanie nie zgadzam się","Zdecydowanie się zgadzam","Raczej nie zgadzam się","Zdecydowanie się zgadzam","Zdecydowanie się zgadzam","M","4","RM"
"2023/10/29 1:25:39 PM CET","Zdecydowanie nie zgadzam się","Nie zgadzam się","Nie zgadzam się","Zgadzam się","Nie mam zdania","Nie zgadzam się","Nie mam zdania","Nie mam zdania","Raczej nie zgadzam się","Nie zgadzam się","Nie mam zdania","Nie mam zdania","Raczej nie zgadzam się","Raczej zgadzam się","Zgadzam się","Raczej zgadzam się","Nie mam zdania","Nie mam zdania","Nie mam zdania","Nie mam zdania","Nie mam zdania","Nie mam zdania","Zgadzam się","Raczej zgadzam się","Raczej zgadzam się","Nie mam zdania","Nie mam zdania","Raczej zgadzam się","M","8","RM"
"2023/10/29 1:25:44 PM CET","Nie zgadzam się","Nie mam zdania","Raczej nie zgadzam się","Raczej zgadzam się","Nie mam zdania","Nie mam zdania","Zdecydowanie nie zgadzam się","Nie mam zdania","Zgadzam się","Zgadzam się","Zdecydowanie nie zgadzam się","Zgadzam się","Nie zgadzam się","Zdecydowanie nie zgadzam się","Raczej nie zgadzam się","Zgadzam się","Nie mam zdania","Nie mam zdania","Raczej zgadzam się","Nie zgadzam się","Nie mam zdania","Nie mam zdania","Raczej zgadzam się","Nie mam zdania","Zdecydowanie się zgadzam","Nie mam zdania","Nie mam zdania","Nie mam zdania","M","9","RM"
"2023/10/29 1:26:16 PM CET","Nie mam zdania","Raczej nie zgadzam się","Nie zgadzam się","Nie mam zdania","Nie zgadzam się","Nie mam zdania","Nie mam zdania","Nie zgadzam się","Raczej nie zgadzam się","Nie mam zdania","Raczej nie zgadzam się","Raczej zgadzam się","Raczej nie zgadzam się","Raczej nie zgadzam się","Nie mam zdania","Nie zgadzam się","Nie mam zdania","Nie mam zdania","Raczej zgadzam się","Raczej nie zgadzam się","Nie zgadzam się","Raczej zgadzam się","Raczej zgadzam się","Nie mam zdania","Raczej nie zgadzam się","Raczej nie zgadzam się","Raczej nie zgadzam się","Raczej nie zgadzam się","M","3","RM"
"2023/10/29 1:26:36 PM CET","Nie mam zdania","Raczej nie zgadzam się","Nie zgadzam się","Nie zgadzam się","Nie zgadzam się","Raczej nie zgadzam się","Nie mam zdania","Nie zgadzam się","Nie mam zdania","Nie zgadzam się","Zdecydowanie nie zgadzam się","Nie zgadzam się","Nie zgadzam się","Nie zgadzam się","Zgadzam się","Nie zgadzam się","Nie mam zdania","Zgadzam się","Zdecydowanie nie zgadzam się","Nie zgadzam się","Nie zgadzam się","Raczej zgadzam się","Zgadzam się","Nie mam zdania","Nie zgadzam się","Zgadzam się","Nie zgadzam się","Nie zgadzam się","M","15","RM"
"2023/10/29 1:26:38 PM CET","Raczej zgadzam się","Nie mam zdania","Raczej nie zgadzam się","Nie zgadzam się","Nie zgadzam się","Zdecydowanie się zgadzam","Nie mam zdania","Raczej zgadzam się","Zdecydowanie się zgadzam","Raczej nie zgadzam się","Raczej zgadzam się","Raczej nie zgadzam się","Raczej zgadzam się","Raczej zgadzam się","Raczej zgadzam się","Zdecydowanie nie zgadzam się","Nie mam zdania","Raczej zgadzam się","Raczej nie zgadzam się","Nie mam zdania","Nie mam zdania","Raczej zgadzam się","Raczej zgadzam się","Nie mam zdania","Raczej nie zgadzam się","Nie mam zdania","Nie mam zdania","Raczej zgadzam się","K","3","RM"
"2023/10/29 1:26:39 PM CET","Raczej zgadzam się","Raczej nie zgadzam się","Raczej nie zgadzam się","Raczej zgadzam się","Zdecydowanie nie zgadzam się","Nie mam zdania","Nie mam zdania","Nie mam zdania","Raczej nie zgadzam się","Nie zgadzam się","Nie zgadzam się","Nie zgadzam się","Raczej nie zgadzam się","Nie zgadzam się","Zdecydowanie się zgadzam","Nie mam zdania","Nie mam zdania","Raczej zgadzam się","Raczej nie zgadzam się","Nie mam zdania","Nie mam zdania","Raczej zgadzam się","Raczej zgadzam się","Raczej zgadzam się","Nie mam zdania","Nie mam zdania","Raczej nie zgadzam się","Nie mam zdania","K","6","RM"
"2023/10/29 1:26:51 PM CET","Nie mam zdania","Raczej nie zgadzam się","Nie zgadzam się","Nie mam zdania","Nie zgadzam się","Nie mam zdania","Nie mam zdania","Nie mam zdania","Raczej nie zgadzam się","Nie zgadzam się","Raczej nie zgadzam się","Raczej nie zgadzam się","Raczej zgadzam się","Raczej nie zgadzam się","Raczej zgadzam się","Raczej nie zgadzam się","Nie mam zdania","Nie mam zdania","Raczej nie zgadzam się","Nie mam zdania","Nie mam zdania","Nie mam zdania","Zgadzam się","Zgadzam się","Raczej nie zgadzam się","Raczej zgadzam się","Nie mam zdania","Nie mam zdania","M","7","RM"
"2023/10/29 1:26:51 PM CET","Zgadzam się","Zdecydowanie się zgadzam","Nie mam zdania","Raczej nie zgadzam się","Nie mam zdania","Zgadzam się","Nie mam zdania","Raczej zgadzam się","Nie mam zdania","Nie zgadzam się","Nie mam zdania","Nie mam zdania","Nie zgadzam się","Nie mam zdania","Nie mam zdania","Nie mam zdania","Raczej nie zgadzam się","Nie mam zdania","Nie zgadzam się","Nie mam zdania","Nie mam zdania","Nie mam zdania","Raczej zgadzam się","Nie mam zdania","Nie mam zdania","Nie mam zdania","Nie mam zdania","Nie mam zdania","M","19","RM"
"2023/10/29 1:26:59 PM CET","Raczej zgadzam się","Raczej nie zgadzam się","Raczej nie zgadzam się","Raczej zgadzam się","Zdecydowanie nie zgadzam się","Nie zgadzam się","Nie mam zdania","Raczej zgadzam się","Nie zgadzam się","Nie zgadzam się","Nie mam zdania","Nie zgadzam się","Raczej zgadzam się","Nie mam zdania","Zgadzam się","Nie zgadzam się","Nie mam zdania","Nie mam zdania","Nie zgadzam się","Raczej nie zgadzam się","Raczej nie zgadzam się","Nie mam zdania","Raczej zgadzam się","Raczej zgadzam się","Nie zgadzam się","Zgadzam się","Nie mam zdania","Raczej nie zgadzam się","M","10","RM"
"2023/10/29 1:27:02 PM CET","Nie mam zdania","Raczej nie zgadzam się","Nie mam zdania","Nie mam zdania","Raczej nie zgadzam się","Nie mam zdania","Raczej nie zgadzam się","Nie zgadzam się","Zgadzam się","Nie mam zdania","Nie mam zdania","Nie mam zdania","Raczej nie zgadzam się","Raczej nie zgadzam się","Raczej nie zgadzam się","Nie mam zdania","Nie mam zdania","Nie mam zdania","Nie mam zdania","Raczej nie zgadzam się","Raczej nie zgadzam się","Nie mam zdania","Raczej zgadzam się","Raczej zgadzam się","Nie mam zdania","Nie mam zdania","Raczej nie zgadzam się","Nie mam zdania","M","1","RM"
"2023/10/29 1:27:08 PM CET","Raczej nie zgadzam się","Zdecydowanie się zgadzam","Nie mam zdania","Raczej nie zgadzam się","Nie mam zdania","Raczej zgadzam się","Nie mam zdania","Raczej zgadzam się","Zgadzam się","Nie mam zdania","Raczej zgadzam się","Nie zgadzam się","Zgadzam się","Zdecydowanie się zgadzam","Nie mam zdania","Nie zgadzam się","Raczej nie zgadzam się","Raczej zgadzam się","Zdecydowanie nie zgadzam się","Raczej zgadzam się","Zdecydowanie się zgadzam","Zdecydowanie się zgadzam","Raczej zgadzam się","Zdecydowanie nie zgadzam się","Nie zgadzam się","Nie mam zdania","Raczej zgadzam się","Raczej zgadzam się","M","1","RM"
"2023/10/29 1:27:23 PM CET","Nie zgadzam się","Raczej zgadzam się","Raczej zgadzam się","Nie mam zdania","Zgadzam się","Nie mam zdania","Zdecydowanie nie zgadzam się","Zdecydowanie nie zgadzam się","Raczej zgadzam się","Zgadzam się","Raczej nie zgadzam się","Raczej zgadzam się","Zdecydowanie nie zgadzam się","Raczej nie zgadzam się","Nie zgadzam się","Zgadzam się","Nie mam zdania","Nie mam zdania","Raczej nie zgadzam się","Nie zgadzam się","Raczej nie zgadzam się","Raczej zgadzam się","Zgadzam się","Zgadzam się","Raczej zgadzam się","Nie mam zdania","Raczej nie zgadzam się","Zgadzam się","K","9","RM"
"2023/10/29 1:27:24 PM CET","Zgadzam się","Raczej zgadzam się","Nie zgadzam się","Nie zgadzam się","Nie mam zdania","Zgadzam się","Nie mam zdania","Nie mam zdania","Zgadzam się","Nie mam zdania","Nie zgadzam się","Nie zgadzam się","Nie mam zdania","Nie zgadzam się","Zgadzam się","Nie mam zdania","Nie mam zdania","Zgadzam się","Nie mam zdania","Nie zgadzam się","Nie zgadzam się","Nie mam zdania","Zgadzam się","Zgadzam się","Nie zgadzam się","Zgadzam się","Zgadzam się","Zgadzam się","M","16","RM"
"2023/10/29 1:27:32 PM CET","Raczej zgadzam się","Nie mam zdania","Raczej nie zgadzam się","Nie mam zdania","Nie zgadzam się","Nie mam zdania","Nie mam zdania","Nie mam zdania","Nie mam zdania","Nie mam zdania","Raczej nie zgadzam się","Nie mam zdania","Nie mam zdania","Nie zgadzam się","Raczej zgadzam się","Nie mam zdania","Nie mam zdania","Nie mam zdania","Nie mam zdania","Nie mam zdania","Nie zgadzam się","Nie mam zdania","Zdecydowanie się zgadzam","Zgadzam się","Nie mam zdania","Nie mam zdania","Raczej nie zgadzam się","Nie mam zdania","K","0","RM"
"2023/10/29 1:27:35 PM CET","Raczej zgadzam się","Raczej nie zgadzam się","Nie mam zdania","Nie mam zdania","Nie zgadzam się","Raczej nie zgadzam się","Nie mam zdania","Raczej nie zgadzam się","Raczej zgadzam się","Nie zgadzam się","Nie mam zdania","Nie zgadzam się","Nie zgadzam się","Raczej zgadzam się","Zgadzam się","Zgadzam się","Nie mam zdania","Nie zgadzam się","Nie mam zdania","Nie zgadzam się","Raczej nie zgadzam się","Nie mam zdania","Zgadzam się","Nie mam zdania","Raczej nie zgadzam się","Zgadzam się","Nie mam zdania","Nie mam zdania","M","13","RM"
"2023/10/29 1:27:36 PM CET","Raczej zgadzam się","Nie mam zdania","Nie mam zdania","Raczej zgadzam się","Nie zgadzam się","Raczej zgadzam się","Nie mam zdania","Raczej zgadzam się","Nie mam zdania","Raczej nie zgadzam się","Raczej zgadzam się","Raczej nie zgadzam się","Raczej zgadzam się","Nie mam zdania","Raczej zgadzam się","Raczej nie zgadzam się","Raczej nie zgadzam się","Raczej zgadzam się","Nie mam zdania","Nie mam zdania","Raczej zgadzam się","Nie mam zdania","Raczej zgadzam się","Raczej zgadzam się","Nie zgadzam się","Raczej zgadzam się","Raczej nie zgadzam się","Raczej zgadzam się","M","1","RM"
"2023/10/29 1:27:38 PM CET","Nie mam zdania","Zdecydowanie nie zgadzam się","Zdecydowanie nie zgadzam się","Nie mam zdania","Zdecydowanie nie zgadzam się","Nie mam zdania","Zdecydowanie nie zgadzam się","Raczej zgadzam się","Zdecydowanie się zgadzam","Zdecydowanie się zgadzam","Zdecydowanie się zgadzam","Raczej nie zgadzam się","Nie mam zdania","Nie mam zdania","Raczej zgadzam się","Nie mam zdania","Nie mam zdania","Nie mam zdania","Nie mam zdania","Nie mam zdania","Raczej zgadzam się","Nie mam zdania","Raczej zgadzam się","Nie mam zdania","Raczej zgadzam się","Nie mam zdania","Nie mam zdania","Nie mam zdania","M","10","RM"
"2023/10/29 1:27:48 PM CET","Raczej zgadzam się","Zgadzam się","Raczej nie zgadzam się","Raczej zgadzam się","Nie zgadzam się","Raczej nie zgadzam się","Nie mam zdania","Nie mam zdania","Nie zgadzam się","Raczej nie zgadzam się","Raczej zgadzam się","Nie mam zdania","Nie zgadzam się","Raczej zgadzam się","Nie mam zdania","Raczej zgadzam się","Raczej nie zgadzam się","Nie zgadzam się","Nie mam zdania","Nie zgadzam się","Raczej nie zgadzam się","Raczej zgadzam się","Zgadzam się","Zgadzam się","Raczej zgadzam się","Raczej nie zgadzam się","Nie mam zdania","Nie zgadzam się","M","0","RM"
"2023/10/29 1:27:51 PM CET","Raczej zgadzam się","Zgadzam się","Nie mam zdania","Nie mam zdania","Nie zgadzam się","Raczej nie zgadzam się","Nie mam zdania","Raczej nie zgadzam się","Raczej nie zgadzam się","Zdecydowanie nie zgadzam się","Nie mam zdania","Nie zgadzam się","Raczej nie zgadzam się","Nie mam zdania","Nie mam zdania","Raczej nie zgadzam się","Nie mam zdania","Raczej zgadzam się","Raczej nie zgadzam się","Nie mam zdania","Nie zgadzam się","Nie mam zdania","Nie mam zdania","Nie mam zdania","Raczej nie zgadzam się","Raczej zgadzam się","Nie mam zdania","Raczej nie zgadzam się","M","21","RM"
"2023/10/29 1:27:52 PM CET","Nie mam zdania","Nie zgadzam się","Raczej nie zgadzam się","Nie mam zdania","Zdecydowanie nie zgadzam się","Raczej zgadzam się","Nie zgadzam się","Raczej nie zgadzam się","Zdecydowanie się zgadzam","Nie mam zdania","Zdecydowanie się zgadzam","Raczej nie zgadzam się","Raczej zgadzam się","Raczej zgadzam się","Nie mam zdania","Nie mam zdania","Raczej nie zgadzam się","Nie mam zdania","Raczej zgadzam się","Raczej zgadzam się","Raczej zgadzam się","Raczej zgadzam się","Raczej zgadzam się","Nie mam zdania","Raczej nie zgadzam się","Raczej zgadzam się","Nie mam zdania","Zgadzam się","K","1","RM"
"2023/10/29 1:27:52 PM CET","Raczej nie zgadzam się","Raczej nie zgadzam się","Nie zgadzam się","Zgadzam się","Zgadzam się","Raczej zgadzam się","Nie zgadzam się","Nie zgadzam się","Raczej nie zgadzam się","Raczej nie zgadzam się","Raczej zgadzam się","Nie mam zdania","Raczej zgadzam się","Raczej nie zgadzam się","Zgadzam się","Zgadzam się","Nie mam zdania","Nie mam zdania","Nie mam zdania","Raczej nie zgadzam się","Raczej zgadzam się","Zgadzam się","Raczej zgadzam się","Raczej zgadzam się","Raczej nie zgadzam się","Nie mam zdania","Zgadzam się","Raczej nie zgadzam się","M","1","RM"
"2023/10/29 1:28:01 PM CET","Nie mam zdania","Nie mam zdania","Nie zgadzam się","Nie mam zdania","Nie mam zdania","Nie mam zdania","Nie mam zdania","Nie mam zdania","Zgadzam się","Nie mam zdania","Nie mam zdania","Nie mam zdania","Nie mam zdania","Nie mam zdania","Raczej zgadzam się","Raczej zgadzam się","Nie mam zdania","Nie mam zdania","Nie mam zdania","Raczej zgadzam się","Nie mam zdania","Raczej zgadzam się","Raczej zgadzam się","Raczej zgadzam się","Zdecydowanie nie zgadzam się","Raczej zgadzam się","Nie mam zdania","Raczej zgadzam się","M","8","RM"
"2023/10/29 1:28:06 PM CET","Nie mam zdania","Zdecydowanie się zgadzam","Zdecydowanie nie zgadzam się","Zdecydowanie nie zgadzam się","Zdecydowanie nie zgadzam się","Zdecydowanie nie zgadzam się","Zdecydowanie nie zgadzam się","Raczej nie zgadzam się","Zdecydowanie nie zgadzam się","Raczej zgadzam się","Nie mam zdania","Nie zgadzam się","Nie zgadzam się","Zdecydowanie nie zgadzam się","Raczej zgadzam się","Nie zgadzam się","Nie mam zdania","Nie mam zdania","Nie zgadzam się","Nie mam zdania","Raczej zgadzam się","Zgadzam się","Zgadzam się","Nie mam zdania","Raczej zgadzam się","Nie mam zdania","Raczej zgadzam się","Zdecydowanie się zgadzam","K","2","RM"
"2023/10/29 1:29:11 PM CET","Zgadzam się","Nie zgadzam się","Zdecydowanie nie zgadzam się","Zgadzam się","Nie zgadzam się","Nie zgadzam się","Zgadzam się","Zdecydowanie się zgadzam","Nie zgadzam się","Nie mam zdania","Nie zgadzam się","Nie zgadzam się","Zgadzam się","Nie zgadzam się","Zgadzam się","Zgadzam się","Nie mam zdania","Nie zgadzam się","Nie zgadzam się","Nie zgadzam się","Nie zgadzam się","Nie zgadzam się","Zgadzam się","Raczej nie zgadzam się","Nie zgadzam się","Zgadzam się","Nie mam zdania","Raczej zgadzam się","M","35","RM"
"2023/10/29 1:29:50 PM CET","Raczej nie zgadzam się","Zgadzam się","Zgadzam się","Nie zgadzam się","Nie mam zdania","Zgadzam się","Nie zgadzam się","Nie zgadzam się","Zgadzam się","Nie mam zdania","Zgadzam się","Nie mam zdania","Zdecydowanie nie zgadzam się","Nie mam zdania","Zdecydowanie nie zgadzam się","Nie mam zdania","Nie mam zdania","Zdecydowanie się zgadzam","Zdecydowanie się zgadzam","Zdecydowanie się zgadzam","Zgadzam się","Zgadzam się","Nie zgadzam się","Zdecydowanie nie zgadzam się","Zgadzam się","Zgadzam się","Zgadzam się","Nie mam zdania","K","25","RM"
"2023/10/29 1:29:56 PM CET","Nie mam zdania","Nie mam zdania","Nie mam zdania","Nie mam zdania","Zdecydowanie nie zgadzam się","Raczej zgadzam się","Nie mam zdania","Nie mam zdania","Nie zgadzam się","Nie zgadzam się","Nie mam zdania","Nie zgadzam się","Raczej zgadzam się","Nie mam zdania","Zgadzam się","Nie zgadzam się","Nie mam zdania","Zgadzam się","Nie zgadzam się","Nie mam zdania","Nie mam zdania","Zgadzam się","Zgadzam się","Nie mam zdania","Nie mam zdania","Zgadzam się","Nie mam zdania","Nie mam zdania","M","17","RM"
"2023/10/29 1:31:33 PM CET","Raczej zgadzam się","Nie mam zdania","Raczej zgadzam się","Raczej zgadzam się","Zdecydowanie nie zgadzam się","Raczej nie zgadzam się","Zgadzam się","Raczej zgadzam się","Nie zgadzam się","Nie zgadzam się","Nie mam zdania","Nie zgadzam się","Nie zgadzam się","Raczej nie zgadzam się","Nie mam zdania","Zgadzam się","Nie mam zdania","Raczej zgadzam się","Raczej nie zgadzam się","Nie mam zdania","Nie zgadzam się","Zgadzam się","Zgadzam się","Raczej zgadzam się","Raczej nie zgadzam się","Nie zgadzam się","Nie mam zdania","Raczej nie zgadzam się","M","0","RM"
"2023/11/04 1:39:39 PM CET","Nie mam zdania","Raczej nie zgadzam się","Nie mam zdania","Nie mam zdania","Raczej nie zgadzam się","Nie mam zdania","Raczej zgadzam się","Nie zgadzam się","Raczej nie zgadzam się","Raczej nie zgadzam się","Nie mam zdania","Raczej nie zgadzam się","Nie mam zdania","Nie zgadzam się","Nie mam zdania","Nie mam zdania","Nie mam zdania","Nie mam zdania","Raczej nie zgadzam się","Nie mam zdania","Nie mam zdania","Nie mam zdania","Nie mam zdania","Nie mam zdania","Nie mam zdania","Nie mam zdania","Nie mam zdania","Nie mam zdania","K","22","PO"
"2023/11/04 1:40:26 PM CET","Nie mam zdania","Raczej zgadzam się","Nie zgadzam się","Raczej zgadzam się","Nie zgadzam się","Raczej nie zgadzam się","Nie mam zdania","Zdecydowanie nie zgadzam się","Raczej nie zgadzam się","Nie zgadzam się","Zgadzam się","Raczej nie zgadzam się","Nie zgadzam się","Raczej nie zgadzam się","Nie mam zdania","Nie zgadzam się","Nie mam zdania","Nie mam zdania","Zgadzam się","Nie mam zdania","Nie mam zdania","Nie zgadzam się","Raczej zgadzam się","Raczej zgadzam się","Nie mam zdania","Nie mam zdania","Nie mam zdania","Nie mam zdania","K","0","PO"
"2023/11/04 1:42:01 PM CET","Raczej nie zgadzam się","Zdecydowanie się zgadzam","Zdecydowanie się zgadzam","Zdecydowanie nie zgadzam się","Nie zgadzam się","Raczej zgadzam się","Nie mam zdania","Nie mam zdania","Zdecydowanie się zgadzam","Zdecydowanie nie zgadzam się","Zgadzam się","Nie mam zdania","Nie zgadzam się","Nie mam zdania","Nie mam zdania","Zgadzam się","Nie zgadzam się","Zgadzam się","Raczej zgadzam się","Nie mam zdania","Zdecydowanie się zgadzam","Zdecydowanie się zgadzam","Nie mam zdania","Nie mam zdania","Raczej zgadzam się","Zgadzam się","Zgadzam się","Zgadzam się","K","30","PO"
"2023/11/04 1:42:10 PM CET","Raczej nie zgadzam się","Raczej zgadzam się","Raczej zgadzam się","Nie zgadzam się","Nie zgadzam się","Zdecydowanie się zgadzam","Raczej zgadzam się","Nie zgadzam się","Nie zgadzam się","Nie zgadzam się","Zdecydowanie się zgadzam","Nie zgadzam się","Raczej zgadzam się","Zgadzam się","Raczej zgadzam się","Nie zgadzam się","Nie zgadzam się","Raczej nie zgadzam się","Raczej nie zgadzam się","Nie mam zdania","Zgadzam się","Zgadzam się","Raczej nie zgadzam się","Nie mam zdania","Raczej nie zgadzam się","Zgadzam się","Zgadzam się","Zgadzam się","K","18","PO"
"2023/11/04 1:42:18 PM CET","Nie mam zdania","Raczej nie zgadzam się","Raczej nie zgadzam się","Nie mam zdania","Nie zgadzam się","Nie mam zdania","Nie mam zdania","Raczej zgadzam się","Raczej nie zgadzam się","Nie zgadzam się","Raczej nie zgadzam się","Raczej nie zgadzam się","Nie mam zdania","Nie zgadzam się","Raczej zgadzam się","Nie mam zdania","Nie mam zdania","Raczej zgadzam się","Raczej zgadzam się","Nie mam zdania","Nie zgadzam się","Nie mam zdania","Raczej nie zgadzam się","Nie mam zdania","Raczej nie zgadzam się","Raczej zgadzam się","Nie mam zdania","Nie mam zdania","K","1","PO"
"2023/11/04 1:42:33 PM CET","Nie mam zdania","Nie mam zdania","Nie mam zdania","Nie mam zdania","Nie mam zdania","Nie mam zdania","Nie mam zdania","Nie mam zdania","Nie mam zdania","Nie mam zdania","Nie mam zdania","Nie mam zdania","Nie mam zdania","Nie mam zdania","Nie mam zdania","Nie mam zdania","Nie mam zdania","Nie mam zdania","Nie mam zdania","Nie mam zdania","Nie mam zdania","Nie mam zdania","Nie mam zdania","Nie mam zdania","Zdecydowanie nie zgadzam się","Nie mam zdania","Nie mam zdania","Zdecydowanie nie zgadzam się","K","10","PO"
"2023/11/04 1:43:03 PM CET","Nie mam zdania","Zgadzam się","Raczej zgadzam się","Nie zgadzam się","Raczej nie zgadzam się","Zgadzam się","Raczej nie zgadzam się","Nie mam zdania","Nie mam zdania","Nie mam zdania","Nie mam zdania","Nie zgadzam się","Raczej nie zgadzam się","Raczej nie zgadzam się","Zgadzam się","Nie mam zdania","Nie mam zdania","Zgadzam się","Raczej zgadzam się","Nie mam zdania","Nie zgadzam się","Zgadzam się","Zgadzam się","Nie mam zdania","Raczej zgadzam się","Raczej zgadzam się","Zgadzam się","Zgadzam się","K","5 ","PO"
"2023/11/04 1:43:17 PM CET","Nie mam zdania","Raczej zgadzam się","Nie mam zdania","Raczej nie zgadzam się","Nie zgadzam się","Raczej zgadzam się","Raczej zgadzam się","Raczej zgadzam się","Raczej nie zgadzam się","Raczej nie zgadzam się","Raczej zgadzam się","Nie mam zdania","Raczej zgadzam się","Nie mam zdania","Raczej zgadzam się","Nie mam zdania","Nie mam zdania","Nie mam zdania","Raczej nie zgadzam się","Nie mam zdania","Raczej zgadzam się","Nie mam zdania","Nie mam zdania","Nie mam zdania","Nie mam zdania","Raczej zgadzam się","Nie mam zdania","Nie mam zdania","K","1","PO"
"2023/11/04 1:43:19 PM CET","Nie mam zdania","Zgadzam się","Nie mam zdania","Nie zgadzam się","Nie zgadzam się","Zgadzam się","Nie mam zdania","Raczej nie zgadzam się","Raczej zgadzam się","Zgadzam się","Zgadzam się","Nie mam zdania","Nie zgadzam się","Nie mam zdania","Raczej zgadzam się","Nie mam zdania","Nie zgadzam się","Zgadzam się","Nie mam zdania","Raczej nie zgadzam się","Raczej zgadzam się","Raczej zgadzam się","Raczej zgadzam się","Raczej nie zgadzam się","Raczej zgadzam się","Zgadzam się","Raczej zgadzam się","Zgadzam się","K","20","PO"
"2023/11/04 1:43:21 PM CET","Nie mam zdania","Zgadzam się","Nie mam zdania","Raczej nie zgadzam się","Nie zgadzam się","Nie mam zdania","Nie mam zdania","Raczej nie zgadzam się","Raczej zgadzam się","Nie mam zdania","Zgadzam się","Nie mam zdania","Nie mam zdania","Zgadzam się","Nie mam zdania","Raczej zgadzam się","Nie mam zdania","Zgadzam się","Nie mam zdania","Nie mam zdania","Zgadzam się","Zgadzam się","Nie mam zdania","Nie mam zdania","Raczej nie zgadzam się","Nie mam zdania","Zgadzam się","Zgadzam się","K","26","PO"
"2023/11/04 1:43:32 PM CET","Nie mam zdania","Zgadzam się","Nie mam zdania","Zdecydowanie nie zgadzam się","Nie zgadzam się","Zgadzam się","Nie mam zdania","Nie zgadzam się","Raczej zgadzam się","Zgadzam się","Zgadzam się","Nie mam zdania","Nie zgadzam się","Nie mam zdania","Raczej zgadzam się","Nie mam zdania","Nie zgadzam się","Zgadzam się","Nie mam zdania","Raczej nie zgadzam się","Nie mam zdania","Zgadzam się","Nie mam zdania","Nie mam zdania","Raczej zgadzam się","Zgadzam się","Zgadzam się","Zgadzam się","K","32","PO"
"2023/11/04 1:43:54 PM CET","Nie mam zdania","Raczej zgadzam się","Raczej zgadzam się","Raczej nie zgadzam się","Raczej zgadzam się","Raczej zgadzam się","Raczej zgadzam się","Nie mam zdania","Raczej nie zgadzam się","Raczej nie zgadzam się","Nie mam zdania","Nie mam zdania","Nie mam zdania","Raczej zgadzam się","Raczej zgadzam się","Nie mam zdania","Nie mam zdania","Raczej zgadzam się","Nie mam zdania","Nie mam zdania","Raczej zgadzam się","Raczej zgadzam się","Raczej zgadzam się","Nie mam zdania","Raczej zgadzam się","Nie mam zdania","Zgadzam się","Nie mam zdania","K","32","PO"
"2023/11/04 1:43:57 PM CET","Nie mam zdania","Raczej zgadzam się","Zgadzam się","Nie zgadzam się","Nie mam zdania","Raczej zgadzam się","Raczej nie zgadzam się","Nie zgadzam się","Zgadzam się","Raczej nie zgadzam się","Nie mam zdania","Raczej zgadzam się","Raczej nie zgadzam się","Raczej zgadzam się","Raczej zgadzam się","Raczej zgadzam się","Raczej nie zgadzam się","Zgadzam się","Raczej zgadzam się","Raczej nie zgadzam się","Raczej nie zgadzam się","Raczej zgadzam się","Nie mam zdania","Raczej zgadzam się","Raczej nie zgadzam się","Zgadzam się","Raczej zgadzam się","Raczej zgadzam się","K","20","PO"
"2023/11/04 1:43:59 PM CET","Raczej zgadzam się","Raczej nie zgadzam się","Raczej nie zgadzam się","Raczej nie zgadzam się","Raczej nie zgadzam się","Raczej zgadzam się","Raczej zgadzam się","Nie mam zdania","Raczej nie zgadzam się","Raczej nie zgadzam się","Nie mam zdania","Nie mam zdania","Nie mam zdania","Nie mam zdania","Raczej zgadzam się","Raczej nie zgadzam się","Nie mam zdania","Raczej zgadzam się","Raczej nie zgadzam się","Nie mam zdania","Raczej zgadzam się","Zdecydowanie się zgadzam","Raczej zgadzam się","Nie mam zdania","Nie mam zdania","Zgadzam się","Raczej zgadzam się","Zgadzam się","K","23","PO"
"2023/11/04 1:45:33 PM CET","Nie mam zdania","Raczej zgadzam się","Nie mam zdania","Raczej nie zgadzam się","Nie zgadzam się","Raczej zgadzam się","Raczej nie zgadzam się","Raczej nie zgadzam się","Raczej nie zgadzam się","Nie zgadzam się","Raczej zgadzam się","Nie zgadzam się","Raczej zgadzam się","Raczej zgadzam się","Raczej nie zgadzam się","Raczej nie zgadzam się","Nie zgadzam się","Raczej zgadzam się","Nie zgadzam się","Nie mam zdania","Nie mam zdania","Raczej zgadzam się","Raczej nie zgadzam się","Nie zgadzam się","Raczej nie zgadzam się","Zgadzam się","Raczej zgadzam się","Zgadzam się","K","30","PO"
"2023/11/04 1:45:43 PM CET","Nie mam zdania","Nie mam zdania","Nie zgadzam się","Nie mam zdania","Raczej nie zgadzam się","Raczej nie zgadzam się","Nie mam zdania","Nie zgadzam się","Nie zgadzam się","Nie mam zdania","Nie mam zdania","Nie zgadzam się","Raczej nie zgadzam się","Nie zgadzam się","Raczej zgadzam się","Zgadzam się","Nie mam zdania","Nie mam zdania","Nie mam zdania","Nie mam zdania","Raczej nie zgadzam się","Raczej zgadzam się","Raczej zgadzam się","Nie mam zdania","Raczej zgadzam się","Raczej zgadzam się","Nie mam zdania","Nie mam zdania","K","23","PO"
"2023/11/04 1:46:32 PM CET","Nie mam zdania","Raczej zgadzam się","Nie mam zdania","Raczej nie zgadzam się","Nie zgadzam się","Raczej zgadzam się","Nie mam zdania","Raczej nie zgadzam się","Raczej zgadzam się","Nie zgadzam się","Raczej zgadzam się","Nie zgadzam się","Nie mam zdania","Nie mam zdania","Zgadzam się","Raczej nie zgadzam się","Nie zgadzam się","Raczej zgadzam się","Raczej zgadzam się","Raczej zgadzam się","Raczej zgadzam się","Raczej zgadzam się","Nie mam zdania","Nie mam zdania","Raczej nie zgadzam się","Zgadzam się","Raczej zgadzam się","Raczej zgadzam się","K","28","PO"
"2023/11/04 1:46:33 PM CET","Nie mam zdania","Nie mam zdania","Raczej zgadzam się","Nie mam zdania","Nie zgadzam się","Raczej zgadzam się","Nie mam zdania","Raczej zgadzam się","Raczej nie zgadzam się","Raczej nie zgadzam się","Raczej nie zgadzam się","Raczej nie zgadzam się","Raczej nie zgadzam się","Raczej nie zgadzam się","Raczej zgadzam się","Raczej nie zgadzam się","Zdecydowanie nie zgadzam się","Zgadzam się","Raczej zgadzam się","Nie mam zdania","Raczej zgadzam się","Raczej zgadzam się","Raczej zgadzam się","Raczej zgadzam się","Raczej nie zgadzam się","Raczej zgadzam się","Raczej zgadzam się","Raczej zgadzam się","K","28","PO"
"2023/11/04 1:46:43 PM CET","Zgadzam się","Raczej zgadzam się","Raczej zgadzam się","Raczej zgadzam się","Nie zgadzam się","Raczej zgadzam się","Raczej zgadzam się","Raczej zgadzam się","Raczej nie zgadzam się","Raczej nie zgadzam się","Raczej nie zgadzam się","Raczej nie zgadzam się","Raczej nie zgadzam się","Raczej zgadzam się","Raczej zgadzam się","Raczej nie zgadzam się","Nie mam zdania","Raczej zgadzam się","Raczej nie zgadzam się","Nie mam zdania","Raczej nie zgadzam się","Raczej nie zgadzam się","Raczej zgadzam się","Raczej zgadzam się","Raczej nie zgadzam się","Raczej zgadzam się","Raczej nie zgadzam się","Raczej nie zgadzam się","K","28","PO"
"2023/11/04 1:48:40 PM CET","Raczej nie zgadzam się","Zdecydowanie się zgadzam","Nie mam zdania","Zgadzam się","Nie zgadzam się","Raczej zgadzam się","Nie mam zdania","Nie zgadzam się","Nie zgadzam się","Nie zgadzam się","Raczej zgadzam się","Nie zgadzam się","Nie zgadzam się","Nie zgadzam się","Nie mam zdania","Nie zgadzam się","Nie mam zdania","Nie mam zdania","Raczej zgadzam się","Nie zgadzam się","Raczej nie zgadzam się","Zgadzam się","Raczej zgadzam się","Raczej zgadzam się","Raczej nie zgadzam się","Raczej zgadzam się","Raczej zgadzam się","Nie mam zdania","K","33","PO"
"2023/11/04 1:49:46 PM CET","Nie mam zdania","Raczej nie zgadzam się","Zdecydowanie nie zgadzam się","Raczej nie zgadzam się","Nie mam zdania","Raczej zgadzam się","Raczej nie zgadzam się","Nie mam zdania","Raczej zgadzam się","Raczej nie zgadzam się","Zgadzam się","Raczej nie zgadzam się","Nie mam zdania","Nie mam zdania","Nie mam zdania","Nie zgadzam się","Nie mam zdania","Raczej nie zgadzam się","Raczej nie zgadzam się","Nie mam zdania","Zgadzam się","Raczej zgadzam się","Nie mam zdania","Nie mam zdania","Raczej nie zgadzam się","Nie mam zdania","Raczej zgadzam się","Raczej zgadzam się","K","26","PO"
"2023/11/04 1:51:03 PM CET","Nie zgadzam się","Zgadzam się","Raczej zgadzam się","Raczej nie zgadzam się","Nie mam zdania","Raczej zgadzam się","Raczej zgadzam się","Nie zgadzam się","Zgadzam się","Nie mam zdania","Nie mam zdania","Nie mam zdania","Raczej nie zgadzam się","Zgadzam się","Raczej zgadzam się","Nie mam zdania","Nie mam zdania","Raczej zgadzam się","Nie mam zdania","Nie mam zdania","Raczej zgadzam się","Zgadzam się","Zdecydowanie nie zgadzam się","Zdecydowanie nie zgadzam się","Nie mam zdania","Nie mam zdania","Zgadzam się","Raczej zgadzam się","K","30","PO"
"2023/11/04 1:57:04 PM CET","Raczej nie zgadzam się","Nie mam zdania","Zgadzam się","Nie zgadzam się","Nie mam zdania","Zdecydowanie się zgadzam","Nie mam zdania","Raczej nie zgadzam się","Raczej zgadzam się","Raczej zgadzam się","Raczej zgadzam się","Raczej nie zgadzam się","Raczej zgadzam się","Raczej zgadzam się","Raczej nie zgadzam się","Nie mam zdania","Raczej nie zgadzam się","Raczej zgadzam się","Nie mam zdania","Raczej zgadzam się","Raczej zgadzam się","Raczej zgadzam się","Nie mam zdania","Raczej nie zgadzam się","Raczej nie zgadzam się","Raczej zgadzam się","Raczej zgadzam się","Raczej zgadzam się","K","29","PO"
